epoch,time,train/box_loss,train/cls_loss,train/dfl_loss,metrics/precision(B),metrics/recall(B),metrics/mAP50(B),metrics/mAP50-95(B),val/box_loss,val/cls_loss,val/dfl_loss,lr/pg0,lr/pg1,lr/pg2
1,38.6347,1.85139,2.63513,1.66081,0.06666,0.38889,0.04101,0.01692,2.17914,118.012,10.9049,0.000653333,0.000653333,0.000653333
2,68.3228,2.07868,2.17286,1.83788,0.00472,0.30556,0.00332,0.00099,3.19206,inf,20.8865,0.00131477,0.00131477,0.00131477
3,97.1906,2.11249,2.20165,1.84538,0.0025,0.09722,0.00096,0.00023,nan,nan,nan,0.00197093,0.00197093,0.00197093
4,126.454,2.03691,2.11882,1.805,0.01786,0.02778,0.00205,0.00048,4.49281,16.9381,6.35593,0.00197624,0.00197624,0.00197624
5,156.932,1.96873,1.98506,1.73254,0.03969,0.08333,0.0125,0.00806,3.11105,7.33041,3.44541,0.00196832,0.00196832,0.00196832
6,187.294,1.90025,1.88892,1.70023,0.02142,0.08333,0.0195,0.00482,3.50685,6.9011,3.18632,0.0019604,0.0019604,0.0019604
7,216.862,1.90841,1.88861,1.70956,0.41964,0.31944,0.31444,0.13004,2.2762,3.03643,2.32269,0.00195248,0.00195248,0.00195248
8,246.97,1.84149,1.76435,1.65746,0.62313,0.66667,0.61632,0.30517,1.71951,2.61013,1.84985,0.00194456,0.00194456,0.00194456
9,277.585,1.84701,1.71737,1.63938,0.50274,0.5,0.45965,0.20224,1.94719,3.77674,1.97837,0.00193664,0.00193664,0.00193664
10,307.228,1.78331,1.68563,1.60875,0.66062,0.51367,0.57359,0.27749,1.78887,2.17816,1.87906,0.00192872,0.00192872,0.00192872
11,337.07,1.70265,1.56303,1.55979,0.68174,0.51389,0.50316,0.24499,1.82757,2.00248,1.92749,0.0019208,0.0019208,0.0019208
12,367.477,1.73635,1.57547,1.57432,0.82846,0.46958,0.57558,0.27067,1.68004,1.83207,1.74756,0.00191288,0.00191288,0.00191288
13,397.787,1.71157,1.54655,1.54508,0.69426,0.56944,0.65911,0.34635,1.67975,1.58607,1.72943,0.00190496,0.00190496,0.00190496
14,427.735,1.68062,1.4854,1.50967,0.53463,0.52778,0.5032,0.25031,1.80929,1.94605,1.87926,0.00189704,0.00189704,0.00189704
15,457.604,1.66022,1.54779,1.51578,0.70694,0.59722,0.64342,0.30532,1.75355,2.14127,1.80277,0.00188912,0.00188912,0.00188912
16,488.12,1.62722,1.43672,1.48948,0.66281,0.51878,0.54963,0.27165,1.65056,1.94285,1.73548,0.0018812,0.0018812,0.0018812
17,517.711,1.6355,1.42793,1.49901,0.88151,0.54167,0.6979,0.36728,1.65327,1.47165,1.69535,0.00187328,0.00187328,0.00187328
18,547.603,1.65795,1.45983,1.5218,0.67095,0.84962,0.78497,0.42134,1.57859,1.70178,1.62868,0.00186536,0.00186536,0.00186536
19,577.464,1.64445,1.44406,1.49283,0.74489,0.625,0.7322,0.41169,1.52714,1.56221,1.61729,0.00185744,0.00185744,0.00185744
20,607.757,1.60994,1.41926,1.464,0.72873,0.54167,0.62186,0.29972,1.80936,1.71239,1.82061,0.00184952,0.00184952,0.00184952
21,637.401,1.62871,1.38314,1.47669,0.70708,0.77778,0.79342,0.41458,1.64307,1.51207,1.64408,0.0018416,0.0018416,0.0018416
22,667.286,1.59983,1.37015,1.48315,0.70968,0.713,0.74544,0.38484,1.64656,1.58845,1.69104,0.00183368,0.00183368,0.00183368
23,697.445,1.55251,1.30604,1.43313,0.77809,0.68181,0.8108,0.45245,1.58964,1.29721,1.60795,0.00182576,0.00182576,0.00182576
24,727.892,1.57185,1.30538,1.44163,0.70674,0.58333,0.66515,0.37772,1.49463,1.38566,1.61029,0.00181784,0.00181784,0.00181784
25,757.593,1.61639,1.33937,1.4721,0.85106,0.63497,0.74586,0.40766,1.48497,1.19265,1.57801,0.00180992,0.00180992,0.00180992
26,787.284,1.50921,1.25374,1.41722,0.75729,0.69338,0.80765,0.43716,1.50536,1.19248,1.54116,0.001802,0.001802,0.001802
27,817.694,1.54271,1.2707,1.43901,0.79722,0.68056,0.81139,0.45432,1.51267,1.18864,1.62696,0.00179408,0.00179408,0.00179408
28,847.629,1.55425,1.27235,1.46769,0.74672,0.61423,0.70085,0.39933,1.56939,1.64092,1.68521,0.00178616,0.00178616,0.00178616
29,877.259,1.54296,1.25935,1.44017,0.73543,0.76389,0.80078,0.45688,1.45042,1.06704,1.53524,0.00177824,0.00177824,0.00177824
30,907.183,1.5112,1.20429,1.42042,0.8544,0.81505,0.87517,0.48658,1.51973,1.05151,1.57053,0.00177032,0.00177032,0.00177032
31,937.507,1.45065,1.20639,1.40047,0.73466,0.61111,0.67468,0.3815,1.58435,1.43014,1.64568,0.0017624,0.0017624,0.0017624
32,967.167,1.46977,1.19621,1.39362,0.74464,0.79167,0.7969,0.46523,1.48963,1.12075,1.614,0.00175448,0.00175448,0.00175448
33,996.844,1.43995,1.14752,1.37739,0.68662,0.82167,0.80153,0.46887,1.47827,1.12596,1.60807,0.00174656,0.00174656,0.00174656
34,1027.08,1.45156,1.13736,1.40316,0.74417,0.72726,0.78286,0.43573,1.50447,1.08909,1.63324,0.00173864,0.00173864,0.00173864
35,1056.9,1.41789,1.11523,1.35414,0.88056,0.61111,0.77297,0.40621,1.63934,1.15934,1.68872,0.00173072,0.00173072,0.00173072
36,1086.49,1.45536,1.12923,1.38084,0.79578,0.64948,0.76885,0.40444,1.68578,1.22053,1.76273,0.0017228,0.0017228,0.0017228
37,1116.09,1.45146,1.13878,1.35867,0.78691,0.7694,0.85217,0.49016,1.47417,1.03197,1.58108,0.00171488,0.00171488,0.00171488
38,1146.44,1.40415,1.11201,1.35702,0.8045,0.8002,0.82975,0.45752,1.61258,1.09311,1.64142,0.00170696,0.00170696,0.00170696
39,1176.07,1.41902,1.11323,1.36865,0.7595,0.75,0.79233,0.45577,1.48817,1.18407,1.6408,0.00169904,0.00169904,0.00169904
40,1205.74,1.41131,1.11273,1.36135,0.80548,0.79167,0.85606,0.48413,1.45972,1.04185,1.54273,0.00169112,0.00169112,0.00169112
41,1235.74,1.39064,1.09047,1.33744,0.85189,0.68056,0.82751,0.49045,1.44272,0.98435,1.60524,0.0016832,0.0016832,0.0016832
42,1265.81,1.36716,1.04765,1.3406,0.77517,0.63889,0.75628,0.39847,1.59586,1.23727,1.72542,0.00167528,0.00167528,0.00167528
43,1295.54,1.40418,1.05411,1.35345,0.73701,0.73956,0.77841,0.46219,1.5419,1.02433,1.66924,0.00166736,0.00166736,0.00166736
44,1325.23,1.37132,1.04832,1.33115,0.91859,0.80556,0.8969,0.51759,1.48204,0.88645,1.55611,0.00165944,0.00165944,0.00165944
45,1355.56,1.34853,0.9935,1.30041,0.80898,0.76389,0.81691,0.46653,1.44659,1.01496,1.58104,0.00165152,0.00165152,0.00165152
46,1385.35,1.34168,0.99638,1.32141,0.77673,0.68056,0.7484,0.43674,1.49797,1.18382,1.57943,0.0016436,0.0016436,0.0016436
47,1415.04,1.32832,1.00601,1.31439,0.83457,0.73611,0.83854,0.50555,1.43089,0.99579,1.58471,0.00163568,0.00163568,0.00163568
48,1444.71,1.34804,1.02385,1.31608,0.76277,0.71458,0.77762,0.4526,1.54071,1.18663,1.63789,0.00162776,0.00162776,0.00162776
49,1474.91,1.37315,1.0363,1.33162,0.87866,0.70408,0.81844,0.47085,1.57196,1.14388,1.62191,0.00161984,0.00161984,0.00161984
50,1504.7,1.32511,0.98896,1.29403,0.84766,0.81944,0.87761,0.51172,1.50285,0.92313,1.61746,0.00161192,0.00161192,0.00161192
51,1534.27,1.33289,0.95111,1.31469,0.78775,0.73611,0.76954,0.44351,1.60351,1.17732,1.68139,0.001604,0.001604,0.001604
52,1564.23,1.28699,0.95704,1.29557,0.8633,0.76389,0.86117,0.48967,1.46376,0.98587,1.59312,0.00159608,0.00159608,0.00159608
53,1594.1,1.32429,0.98061,1.31288,0.84148,0.77778,0.85035,0.5029,1.45133,1.01455,1.56005,0.00158816,0.00158816,0.00158816
54,1623.75,1.30484,0.9486,1.29019,0.82525,0.81944,0.84379,0.48535,1.46631,1.03612,1.50986,0.00158024,0.00158024,0.00158024
55,1653.37,1.30392,0.9149,1.28466,0.75366,0.72222,0.7569,0.45196,1.47199,1.15657,1.63558,0.00157232,0.00157232,0.00157232
56,1683.64,1.28786,0.90555,1.30142,0.86086,0.8593,0.90633,0.51423,1.44487,0.84152,1.57968,0.0015644,0.0015644,0.0015644
57,1713.58,1.24547,0.9109,1.25887,0.87579,0.625,0.78144,0.43143,1.44832,1.11892,1.53079,0.00155648,0.00155648,0.00155648
58,1743.22,1.29627,0.98349,1.28991,0.85338,0.80844,0.89369,0.50477,1.44914,0.87,1.56411,0.00154856,0.00154856,0.00154856
59,1772.88,1.28912,0.91522,1.28067,0.86301,0.80556,0.89705,0.48906,1.4493,0.8897,1.5384,0.00154064,0.00154064,0.00154064
60,1803.57,1.23889,0.89306,1.2648,0.90285,0.64542,0.78176,0.43716,1.52011,1.07349,1.66375,0.00153272,0.00153272,0.00153272
61,1833.52,1.24704,0.88331,1.25711,0.88916,0.73611,0.82772,0.44726,1.56891,1.04785,1.67103,0.0015248,0.0015248,0.0015248
62,1863.76,1.22778,0.91842,1.24991,0.8634,0.7901,0.87797,0.51781,1.45534,0.88938,1.52207,0.00151688,0.00151688,0.00151688
63,1893.74,1.21072,0.87421,1.22724,0.93613,0.75,0.87962,0.50528,1.41625,0.85498,1.54939,0.00150896,0.00150896,0.00150896
64,1924.5,1.24364,0.86133,1.24368,0.9091,0.69448,0.83487,0.44824,1.51636,1.06373,1.6129,0.00150104,0.00150104,0.00150104
65,1954.56,1.23481,0.88091,1.23977,0.87212,0.75781,0.86513,0.47875,1.4625,0.90015,1.58242,0.00149312,0.00149312,0.00149312
66,1984.74,1.24746,0.90622,1.27489,0.94791,0.75827,0.86463,0.49411,1.49769,0.82105,1.61761,0.0014852,0.0014852,0.0014852
67,2014.82,1.22638,0.85507,1.23575,0.86879,0.76389,0.84127,0.49791,1.44748,0.91212,1.55952,0.00147728,0.00147728,0.00147728
68,2045.47,1.19419,0.81469,1.21841,0.80867,0.65278,0.76686,0.47091,1.45766,1.03845,1.58054,0.00146936,0.00146936,0.00146936
69,2075.33,1.20091,0.85107,1.21668,0.80207,0.84722,0.86464,0.48953,1.4245,0.82925,1.56774,0.00146144,0.00146144,0.00146144
70,2105.08,1.18012,0.82682,1.2348,0.91126,0.65278,0.80697,0.4481,1.61904,1.15749,1.73224,0.00145352,0.00145352,0.00145352
71,2134.71,1.21607,0.86992,1.24046,0.89361,0.66667,0.81483,0.43602,1.49887,1.06024,1.58348,0.0014456,0.0014456,0.0014456
72,2165.02,1.20618,0.84908,1.24509,0.91137,0.68056,0.80583,0.46188,1.4734,1.1057,1.58738,0.00143768,0.00143768,0.00143768
73,2194.84,1.17782,0.82704,1.2119,0.85094,0.68056,0.80785,0.44155,1.50905,1.16117,1.65676,0.00142976,0.00142976,0.00142976
74,2224.47,1.1909,0.82425,1.23297,0.79639,0.65278,0.75528,0.41874,1.52933,1.28115,1.66843,0.00142184,0.00142184,0.00142184
75,2253.91,1.17999,0.83666,1.23054,0.88266,0.76389,0.83978,0.48141,1.45052,0.97111,1.59458,0.00141392,0.00141392,0.00141392
76,2283.78,1.18046,0.83396,1.2373,0.85324,0.83333,0.89092,0.50875,1.42354,0.83304,1.58891,0.001406,0.001406,0.001406
77,2313.48,1.15052,0.80685,1.20336,0.8779,0.69907,0.84303,0.48927,1.41413,0.90698,1.53985,0.00139808,0.00139808,0.00139808
78,2342.83,1.16468,0.79503,1.21181,0.83796,0.72222,0.83592,0.4835,1.47913,0.957,1.58515,0.00139016,0.00139016,0.00139016
79,2372.17,1.12277,0.80666,1.18962,0.81139,0.69444,0.8122,0.4498,1.54453,1.03289,1.65916,0.00138224,0.00138224,0.00138224
80,2401.66,1.12884,0.78548,1.16344,0.88223,0.72838,0.87035,0.49443,1.41023,0.93171,1.57326,0.00137432,0.00137432,0.00137432
81,2431.87,1.13632,0.79276,1.20014,0.85424,0.69444,0.80458,0.45822,1.47418,1.11015,1.55131,0.0013664,0.0013664,0.0013664
82,2461.37,1.14265,0.7929,1.20003,0.80799,0.70138,0.72362,0.42304,1.52362,1.21605,1.6361,0.00135848,0.00135848,0.00135848
83,2490.86,1.09155,0.7592,1.17027,0.92057,0.59722,0.76576,0.44009,1.47632,1.20747,1.61168,0.00135056,0.00135056,0.00135056
84,2520.32,1.14714,0.80428,1.20618,0.79446,0.69444,0.78155,0.45738,1.4761,0.99483,1.66675,0.00134264,0.00134264,0.00134264
85,2550.44,1.10616,0.77027,1.18101,0.83162,0.81944,0.86901,0.49165,1.4903,0.90447,1.57222,0.00133472,0.00133472,0.00133472
86,2580.28,1.10659,0.76486,1.18467,0.89779,0.79167,0.88301,0.49874,1.4939,0.81839,1.56723,0.0013268,0.0013268,0.0013268
87,2609.58,1.10791,0.7802,1.18309,0.76883,0.78529,0.85726,0.50946,1.41717,0.92646,1.55991,0.00131888,0.00131888,0.00131888
88,2639.16,1.10896,0.7646,1.17124,0.82171,0.76389,0.82833,0.51433,1.40511,0.93318,1.57765,0.00131096,0.00131096,0.00131096
89,2669.19,1.10722,0.76479,1.16071,0.78623,0.79167,0.84032,0.49031,1.44078,0.90259,1.63038,0.00130304,0.00130304,0.00130304
90,2699.02,1.07366,0.75705,1.16595,0.90495,0.66126,0.78061,0.44312,1.52873,1.16525,1.69781,0.00129512,0.00129512,0.00129512
91,2728.44,1.0726,0.72526,1.16008,0.74542,0.77273,0.81245,0.48118,1.4341,0.94933,1.59953,0.0012872,0.0012872,0.0012872
92,2757.96,1.10083,0.77999,1.16928,0.93364,0.78167,0.89375,0.53818,1.39533,0.85631,1.55157,0.00127928,0.00127928,0.00127928
93,2787.9,1.06741,0.76207,1.15879,0.85018,0.79167,0.88178,0.4969,1.57087,0.90982,1.63215,0.00127136,0.00127136,0.00127136
94,2818.12,1.09704,0.7459,1.15899,0.83334,0.84722,0.88994,0.50854,1.4703,0.87155,1.59229,0.00126344,0.00126344,0.00126344
95,2847.65,1.03942,0.7225,1.14751,0.87379,0.81944,0.88012,0.49186,1.50932,0.87167,1.65778,0.00125552,0.00125552,0.00125552
96,2877.22,1.07411,0.74855,1.14838,0.87092,0.81944,0.88451,0.48203,1.5376,0.87223,1.67375,0.0012476,0.0012476,0.0012476
97,2906.7,1.02888,0.73766,1.14224,0.8862,0.77778,0.86106,0.52647,1.42565,0.81977,1.58124,0.00123968,0.00123968,0.00123968
98,2937.21,1.04073,0.70048,1.13843,0.84154,0.77778,0.88211,0.50258,1.37631,0.89444,1.57191,0.00123176,0.00123176,0.00123176
99,2966.92,1.07409,0.75601,1.16031,0.96663,0.80466,0.88936,0.53493,1.41021,0.80938,1.56573,0.00122384,0.00122384,0.00122384
100,2996.5,1.06626,0.74842,1.15897,0.86697,0.81469,0.88761,0.51386,1.41878,0.85582,1.55623,0.00121592,0.00121592,0.00121592
101,3026.03,1.0251,0.71969,1.14229,0.86095,0.80556,0.88629,0.5112,1.45485,0.80163,1.59121,0.001208,0.001208,0.001208
102,3056.15,1.02437,0.70552,1.13243,0.89517,0.81944,0.86299,0.49874,1.46654,0.83337,1.65283,0.00120008,0.00120008,0.00120008
103,3085.95,1.01747,0.69594,1.12545,0.89349,0.81562,0.87725,0.51233,1.47674,0.81111,1.67097,0.00119216,0.00119216,0.00119216
104,3115.61,0.98473,0.68669,1.12296,0.78994,0.83572,0.8746,0.49468,1.49504,0.97213,1.6043,0.00118424,0.00118424,0.00118424
105,3145.26,1.02468,0.70408,1.13773,0.85623,0.75,0.85212,0.4819,1.4756,0.94098,1.6207,0.00117632,0.00117632,0.00117632
106,3174.91,1.02669,0.71102,1.13695,0.83827,0.72222,0.81456,0.4717,1.41151,1.04995,1.57642,0.0011684,0.0011684,0.0011684
107,3204.91,0.99158,0.68298,1.11549,0.76947,0.79167,0.84215,0.49743,1.46531,0.95677,1.59138,0.00116048,0.00116048,0.00116048
108,3234.82,1.01807,0.67508,1.1166,0.85348,0.75,0.84825,0.49618,1.44219,0.94816,1.60051,0.00115256,0.00115256,0.00115256
109,3264.4,0.98232,0.66964,1.11919,0.77625,0.81944,0.85184,0.48695,1.47366,0.90177,1.63085,0.00114464,0.00114464,0.00114464
110,3293.94,0.97833,0.65827,1.11212,0.7286,0.76389,0.81537,0.48884,1.46166,0.91546,1.57484,0.00113672,0.00113672,0.00113672
111,3323.89,0.98317,0.65983,1.1033,0.86117,0.88889,0.90917,0.52408,1.37654,0.7479,1.59042,0.0011288,0.0011288,0.0011288
112,3354.02,0.99706,0.66966,1.10519,0.81169,0.83819,0.8326,0.4718,1.52145,0.88072,1.70948,0.00112088,0.00112088,0.00112088
113,3383.53,0.98613,0.664,1.11019,0.85282,0.80477,0.8608,0.51907,1.44605,0.84234,1.64881,0.00111296,0.00111296,0.00111296
114,3413.09,0.98008,0.65757,1.10579,0.76726,0.73263,0.81723,0.45261,1.53156,0.95367,1.70201,0.00110504,0.00110504,0.00110504
115,3443.02,0.97519,0.64925,1.10168,0.90596,0.61111,0.78393,0.44412,1.58649,1.08661,1.74308,0.00109712,0.00109712,0.00109712
116,3473.37,0.95919,0.64359,1.0929,0.74219,0.73611,0.80258,0.47201,1.49221,1.03363,1.65747,0.0010892,0.0010892,0.0010892
117,3502.93,0.96262,0.65074,1.09913,0.7885,0.76389,0.81132,0.49394,1.44623,1.04168,1.65339,0.00108128,0.00108128,0.00108128
118,3532.5,0.9475,0.64065,1.08607,0.92859,0.77778,0.8881,0.50689,1.4073,0.89223,1.64617,0.00107336,0.00107336,0.00107336
119,3561.95,0.95417,0.66815,1.09907,0.86108,0.77481,0.88411,0.52435,1.39383,0.91308,1.64731,0.00106544,0.00106544,0.00106544
120,3591.87,0.9775,0.66221,1.11956,0.87326,0.69444,0.84109,0.50454,1.412,0.8994,1.59351,0.00105752,0.00105752,0.00105752
121,3621.85,0.93071,0.62304,1.08091,0.7536,0.81944,0.84311,0.47639,1.47645,0.98097,1.67629,0.0010496,0.0010496,0.0010496
122,3651.46,0.92335,0.63993,1.08139,0.8758,0.78358,0.87245,0.49308,1.49026,0.95048,1.6859,0.00104168,0.00104168,0.00104168
123,3680.87,0.90078,0.62609,1.08012,0.89742,0.88889,0.93361,0.52869,1.40169,0.70506,1.64791,0.00103376,0.00103376,0.00103376
124,3710.68,0.95918,0.63936,1.09794,0.86365,0.87981,0.90538,0.50809,1.48954,0.73367,1.69306,0.00102584,0.00102584,0.00102584
125,3740.99,0.94614,0.63894,1.09084,0.84468,0.81944,0.85768,0.51082,1.44992,0.82651,1.64225,0.00101792,0.00101792,0.00101792
126,3770.7,0.93831,0.63345,1.0853,0.91482,0.79167,0.86336,0.52649,1.45367,0.74273,1.59809,0.00101,0.00101,0.00101
127,3800.28,0.93605,0.61693,1.07547,0.84643,0.76551,0.86603,0.49771,1.46119,0.79332,1.60005,0.00100208,0.00100208,0.00100208
128,3829.83,0.92568,0.63312,1.08555,0.86544,0.7147,0.82631,0.47119,1.54193,0.90681,1.69354,0.00099416,0.00099416,0.00099416
129,3860.17,0.9136,0.61891,1.06749,0.83346,0.83408,0.8828,0.51375,1.47084,0.77292,1.68861,0.00098624,0.00098624,0.00098624
130,3890.43,0.90431,0.59955,1.0701,0.82801,0.76389,0.86212,0.52153,1.42387,0.89503,1.61038,0.00097832,0.00097832,0.00097832
131,3920.25,0.9231,0.63231,1.08583,0.86871,0.82714,0.89624,0.52636,1.47305,0.79343,1.62662,0.0009704,0.0009704,0.0009704
132,3950.11,0.90495,0.6136,1.07249,0.87546,0.78107,0.87519,0.50558,1.47004,0.82667,1.66224,0.00096248,0.00096248,0.00096248
133,3980.37,0.91589,0.61279,1.08228,0.87244,0.85495,0.90139,0.51882,1.44168,0.74045,1.67497,0.00095456,0.00095456,0.00095456
134,4010.45,0.90998,0.61165,1.06536,0.87332,0.83333,0.91047,0.53018,1.41178,0.7584,1.65565,0.00094664,0.00094664,0.00094664
135,4040.2,0.90051,0.58463,1.05876,0.85582,0.79167,0.87278,0.5096,1.45013,0.81002,1.69409,0.00093872,0.00093872,0.00093872
136,4070.01,0.88956,0.60503,1.06646,0.9322,0.76384,0.86174,0.497,1.45604,1.04922,1.64788,0.0009308,0.0009308,0.0009308
137,4099.77,0.89216,0.60617,1.07455,0.83849,0.86532,0.90922,0.54738,1.41252,0.7013,1.60541,0.00092288,0.00092288,0.00092288
138,4130.25,0.89853,0.59388,1.07232,0.79529,0.86335,0.89914,0.51783,1.48682,0.87523,1.67302,0.00091496,0.00091496,0.00091496
139,4159.62,0.89051,0.59322,1.06075,0.85136,0.79557,0.87218,0.52442,1.41734,0.87667,1.62422,0.00090704,0.00090704,0.00090704
140,4189.16,0.87984,0.60608,1.06266,0.80126,0.80556,0.84704,0.48809,1.49598,0.96499,1.66695,0.00089912,0.00089912,0.00089912
141,4218.88,0.88197,0.58445,1.05509,0.9126,0.8702,0.90913,0.52291,1.47624,0.78469,1.6837,0.0008912,0.0008912,0.0008912
142,4248.96,0.85832,0.57554,1.05635,0.87439,0.80556,0.88961,0.53325,1.4244,0.82105,1.6152,0.00088328,0.00088328,0.00088328
143,4279.12,0.87932,0.60024,1.06706,0.85023,0.77778,0.84708,0.49881,1.49513,0.9399,1.67834,0.00087536,0.00087536,0.00087536
144,4308.96,0.86489,0.58813,1.03687,0.92911,0.76389,0.88387,0.51653,1.47715,0.77905,1.69707,0.00086744,0.00086744,0.00086744
145,4338.69,0.85631,0.59203,1.0429,0.83832,0.77778,0.87315,0.50467,1.48322,0.77374,1.70413,0.00085952,0.00085952,0.00085952
146,4368.6,0.85722,0.58091,1.05372,0.82588,0.79167,0.86183,0.48176,1.5536,0.82683,1.77349,0.0008516,0.0008516,0.0008516
147,4398.87,0.83846,0.56479,1.04322,0.83502,0.79167,0.87256,0.50055,1.45822,0.82912,1.69861,0.00084368,0.00084368,0.00084368
148,4428.66,0.82642,0.56722,1.03773,0.90865,0.72222,0.85381,0.48052,1.53252,0.89603,1.759,0.00083576,0.00083576,0.00083576
149,4458.42,0.87226,0.57895,1.05843,0.7906,0.79167,0.8331,0.45661,1.5337,0.92905,1.79403,0.00082784,0.00082784,0.00082784
150,4488.15,0.85814,0.5743,1.05055,0.79751,0.82054,0.85009,0.50523,1.46875,0.87938,1.71021,0.00081992,0.00081992,0.00081992
151,4518.58,0.85088,0.56472,1.05315,0.85123,0.87414,0.88804,0.51212,1.48301,0.75294,1.74633,0.000812,0.000812,0.000812
152,4548.55,0.82242,0.55195,1.03105,0.87677,0.79054,0.86452,0.50581,1.47853,0.80266,1.66777,0.00080408,0.00080408,0.00080408
153,4578.3,0.84668,0.56228,1.04532,0.86592,0.80556,0.84496,0.51498,1.51671,0.88731,1.79395,0.00079616,0.00079616,0.00079616
154,4608.02,0.85272,0.61182,1.04999,0.84561,0.75,0.85753,0.49456,1.56343,0.8585,1.80956,0.00078824,0.00078824,0.00078824
155,4638.29,0.84685,0.55795,1.04793,0.85612,0.82646,0.89594,0.51846,1.50106,0.78406,1.73976,0.00078032,0.00078032,0.00078032
156,4668.4,0.80152,0.53896,1.02373,0.83263,0.8292,0.88579,0.51455,1.45364,0.77511,1.72161,0.0007724,0.0007724,0.0007724
157,4698.2,0.79851,0.53626,1.0175,0.90132,0.77778,0.84084,0.51106,1.45952,0.81772,1.69243,0.00076448,0.00076448,0.00076448
158,4728.09,0.82485,0.56121,1.04632,0.86263,0.785,0.87263,0.50245,1.44118,0.83425,1.64045,0.00075656,0.00075656,0.00075656
159,4758.17,0.79048,0.53311,1.03332,0.81524,0.79675,0.84661,0.49336,1.49164,0.82073,1.73983,0.00074864,0.00074864,0.00074864
160,4788.6,0.80769,0.54146,1.02496,0.83993,0.73611,0.82945,0.48478,1.45658,0.87019,1.66945,0.00074072,0.00074072,0.00074072
161,4818.44,0.81086,0.54629,1.03959,0.78063,0.83333,0.86141,0.51524,1.43181,0.78838,1.67461,0.0007328,0.0007328,0.0007328
162,4848.25,0.78779,0.53207,1.01011,0.90664,0.75,0.84375,0.50067,1.46728,0.80583,1.71864,0.00072488,0.00072488,0.00072488
163,4878.02,0.81593,0.54555,1.02826,0.83906,0.875,0.90223,0.52587,1.4604,0.73779,1.70326,0.00071696,0.00071696,0.00071696
164,4908.22,0.80516,0.53637,1.02719,0.87522,0.79167,0.87298,0.50492,1.49035,0.88685,1.68777,0.00070904,0.00070904,0.00070904
165,4938.26,0.80676,0.53209,1.02895,0.9059,0.72222,0.86775,0.49981,1.50308,0.8779,1.71232,0.00070112,0.00070112,0.00070112
166,4968.06,0.78467,0.53418,1.01842,0.74376,0.84659,0.85754,0.51405,1.43101,0.87045,1.6461,0.0006932,0.0006932,0.0006932
167,4997.93,0.79298,0.53952,1.01335,0.8786,0.79167,0.89047,0.53371,1.42717,0.78281,1.59916,0.00068528,0.00068528,0.00068528
168,5027.73,0.77363,0.52145,1.01791,0.80305,0.72222,0.85514,0.47687,1.43348,0.95038,1.65461,0.00067736,0.00067736,0.00067736
169,5058.31,0.78797,0.53471,1.02403,0.80735,0.81944,0.85496,0.49017,1.4278,0.81131,1.70711,0.00066944,0.00066944,0.00066944
170,5088.11,0.7845,0.51692,1.0149,0.82914,0.74142,0.85156,0.51285,1.41396,0.84722,1.62781,0.00066152,0.00066152,0.00066152
171,5117.75,0.75188,0.50367,0.9971,0.82064,0.82617,0.88812,0.53992,1.39317,0.8324,1.58595,0.0006536,0.0006536,0.0006536
172,5147.61,0.78622,0.52103,1.00751,0.88219,0.83203,0.90225,0.51165,1.49112,0.73814,1.69588,0.00064568,0.00064568,0.00064568
173,5177.95,0.77226,0.53256,1.00948,0.86202,0.86775,0.89677,0.52843,1.43876,0.77049,1.65339,0.00063776,0.00063776,0.00063776
174,5208,0.77691,0.52847,1.01066,0.82907,0.81944,0.86702,0.50122,1.44806,0.88328,1.66979,0.00062984,0.00062984,0.00062984
175,5237.7,0.77966,0.52991,1.00645,0.77899,0.80556,0.82109,0.46743,1.42949,0.9506,1.65129,0.00062192,0.00062192,0.00062192
176,5267.43,0.75531,0.50937,0.99406,0.83275,0.79167,0.84992,0.49535,1.45734,0.89498,1.65677,0.000614,0.000614,0.000614
177,5297.23,0.74861,0.50259,0.99166,0.91688,0.77778,0.86258,0.51898,1.41452,0.94813,1.62452,0.00060608,0.00060608,0.00060608
178,5327.75,0.74069,0.49495,0.98526,0.8657,0.80573,0.87204,0.53262,1.39636,0.82684,1.63366,0.00059816,0.00059816,0.00059816
179,5357.4,0.741,0.50184,1.0012,0.84029,0.73611,0.80872,0.50089,1.46007,0.92571,1.69842,0.00059024,0.00059024,0.00059024
180,5387.05,0.76353,0.51355,1.01328,0.85231,0.80156,0.84782,0.51967,1.47218,0.77491,1.70846,0.00058232,0.00058232,0.00058232
181,5416.8,0.75308,0.50215,0.9883,0.85946,0.76446,0.87115,0.52829,1.40678,0.87883,1.60306,0.0005744,0.0005744,0.0005744
182,5447.34,0.74895,0.49847,0.9975,0.8396,0.81944,0.87081,0.52872,1.37008,0.74766,1.54556,0.00056648,0.00056648,0.00056648
183,5477.29,0.74046,0.48633,0.98935,0.75004,0.81944,0.84081,0.50164,1.40864,0.94314,1.58497,0.00055856,0.00055856,0.00055856
184,5507.15,0.7596,0.52512,1.00411,0.86224,0.75,0.83898,0.48965,1.44184,0.87385,1.61684,0.00055064,0.00055064,0.00055064
185,5536.97,0.73085,0.50048,0.99311,0.85511,0.90165,0.91327,0.53898,1.37516,0.77791,1.60576,0.00054272,0.00054272,0.00054272
186,5566.94,0.73737,0.49005,1.00038,0.80278,0.84805,0.88265,0.53603,1.3801,0.76956,1.60556,0.0005348,0.0005348,0.0005348
187,5597.52,0.72301,0.48908,0.99452,0.89565,0.7153,0.84421,0.50071,1.39243,0.87029,1.59197,0.00052688,0.00052688,0.00052688
188,5627.35,0.74121,0.48449,0.99764,0.80403,0.74083,0.84072,0.48424,1.51818,0.93847,1.68895,0.00051896,0.00051896,0.00051896
189,5657.2,0.73582,0.48877,0.99364,0.79588,0.79167,0.85346,0.5031,1.45451,0.95058,1.64098,0.00051104,0.00051104,0.00051104
190,5687.05,0.72301,0.48649,0.99354,0.90366,0.77778,0.87804,0.50154,1.42075,0.84041,1.66799,0.00050312,0.00050312,0.00050312
191,5717.78,0.73229,0.51011,0.99075,0.92906,0.77778,0.86811,0.51673,1.45414,0.74501,1.70432,0.0004952,0.0004952,0.0004952
192,5747.62,0.73164,0.4853,0.9878,0.90302,0.77594,0.87642,0.51795,1.46263,0.81282,1.68222,0.00048728,0.00048728,0.00048728
193,5777.52,0.72143,0.48372,0.98757,0.80404,0.85486,0.87651,0.51324,1.45918,0.8821,1.69383,0.00047936,0.00047936,0.00047936
194,5807.29,0.69488,0.46587,0.97923,0.80451,0.83333,0.86157,0.49739,1.43585,0.88849,1.66242,0.00047144,0.00047144,0.00047144
195,5837.59,0.69188,0.4589,0.97399,0.77926,0.76389,0.84808,0.49104,1.43055,0.89906,1.67171,0.00046352,0.00046352,0.00046352
196,5867.78,0.70377,0.47474,0.98834,0.76619,0.79167,0.80725,0.4896,1.44222,1.03099,1.6612,0.0004556,0.0004556,0.0004556
197,5897.45,0.71008,0.4744,0.96615,0.79986,0.80556,0.83667,0.50626,1.38607,0.82215,1.63022,0.00044768,0.00044768,0.00044768
198,5927.3,0.7103,0.4705,0.98687,0.85214,0.80051,0.87305,0.52242,1.38734,0.866,1.63142,0.00043976,0.00043976,0.00043976
199,5957.37,0.68226,0.46176,0.9676,0.87644,0.78816,0.87801,0.51391,1.42534,0.90592,1.641,0.00043184,0.00043184,0.00043184
200,5987.71,0.69802,0.46331,0.97059,0.80377,0.81944,0.87215,0.50645,1.42909,0.90614,1.65981,0.00042392,0.00042392,0.00042392
201,6017.42,0.68411,0.46852,0.96616,0.86681,0.81356,0.88984,0.52855,1.39643,0.85328,1.62609,0.000416,0.000416,0.000416
202,6047.02,0.6954,0.46517,0.97909,0.91767,0.77412,0.89002,0.53168,1.43622,0.83895,1.62372,0.00040808,0.00040808,0.00040808
203,6076.78,0.68136,0.46048,0.98339,0.90486,0.70833,0.86017,0.5136,1.38197,0.84453,1.61113,0.00040016,0.00040016,0.00040016
204,6107.35,0.69795,0.47638,0.97164,0.90268,0.77296,0.89942,0.52816,1.41321,0.82631,1.64765,0.00039224,0.00039224,0.00039224
205,6137.45,0.69091,0.45943,0.98404,0.91589,0.83333,0.90556,0.52609,1.39996,0.7998,1.64057,0.00038432,0.00038432,0.00038432
206,6167.3,0.67997,0.46674,0.97853,0.8271,0.86375,0.8928,0.52723,1.40175,0.80122,1.64174,0.0003764,0.0003764,0.0003764
207,6196.92,0.69116,0.46381,0.97017,0.81338,0.84747,0.87733,0.52132,1.38906,0.83218,1.62192,0.00036848,0.00036848,0.00036848
208,6227.01,0.67904,0.46382,0.972,0.80911,0.86111,0.87636,0.52508,1.38615,0.8001,1.6197,0.00036056,0.00036056,0.00036056
209,6257.46,0.68094,0.46584,0.96859,0.83645,0.80556,0.88402,0.51887,1.36887,0.78947,1.59102,0.00035264,0.00035264,0.00035264
210,6287.36,0.67242,0.45566,0.96077,0.89394,0.86111,0.88965,0.51651,1.38638,0.78571,1.66449,0.00034472,0.00034472,0.00034472
211,6317.16,0.67978,0.46053,0.96923,0.89663,0.84332,0.89765,0.52963,1.40185,0.75921,1.63953,0.0003368,0.0003368,0.0003368
212,6347.32,0.67647,0.45757,0.96663,0.87008,0.83333,0.90192,0.53451,1.41572,0.78586,1.63364,0.00032888,0.00032888,0.00032888
213,6378,0.6589,0.45602,0.96565,0.90746,0.81721,0.91371,0.53481,1.41224,0.76058,1.64313,0.00032096,0.00032096,0.00032096
214,6408.36,0.66331,0.44738,0.96213,0.88361,0.84354,0.90188,0.54173,1.38738,0.75306,1.63723,0.00031304,0.00031304,0.00031304
215,6438.31,0.65551,0.44215,0.96331,0.93229,0.77778,0.88337,0.52428,1.4242,0.84997,1.64609,0.00030512,0.00030512,0.00030512
216,6468.53,0.66278,0.45448,0.95785,0.88341,0.84722,0.90857,0.53458,1.41271,0.7768,1.65856,0.0002972,0.0002972,0.0002972
217,6499.21,0.6569,0.44423,0.96505,0.89397,0.79167,0.86938,0.52483,1.41636,0.7984,1.67466,0.00028928,0.00028928,0.00028928
218,6529.26,0.64814,0.43941,0.96435,0.84153,0.83333,0.87916,0.52454,1.36231,0.83523,1.63696,0.00028136,0.00028136,0.00028136
219,6559.34,0.65566,0.44806,0.96262,0.84406,0.82699,0.87631,0.5097,1.40126,0.82483,1.66414,0.00027344,0.00027344,0.00027344
220,6589.66,0.67456,0.4555,0.96873,0.86743,0.8179,0.87246,0.52153,1.42729,0.81922,1.69526,0.00026552,0.00026552,0.00026552
221,6619.92,0.63944,0.43436,0.95645,0.91037,0.8464,0.889,0.54892,1.40987,0.7847,1.6455,0.0002576,0.0002576,0.0002576
222,6649.94,0.62647,0.42427,0.93917,0.84703,0.84722,0.8904,0.54133,1.41616,0.80026,1.66364,0.00024968,0.00024968,0.00024968
223,6679.98,0.64381,0.43973,0.9596,0.85843,0.84223,0.87979,0.52315,1.44915,0.7937,1.68224,0.00024176,0.00024176,0.00024176
224,6710.2,0.63141,0.43025,0.95061,0.81159,0.83764,0.88159,0.51324,1.42261,0.81954,1.66168,0.00023384,0.00023384,0.00023384
225,6740.8,0.63301,0.43384,0.95197,0.86784,0.81944,0.89106,0.52406,1.39211,0.79412,1.64615,0.00022592,0.00022592,0.00022592
226,6770.93,0.63505,0.4283,0.95585,0.82223,0.83333,0.87842,0.51141,1.40274,0.85686,1.64793,0.000218,0.000218,0.000218
227,6800.95,0.63525,0.42871,0.95298,0.8517,0.81944,0.88689,0.51857,1.4267,0.82732,1.68514,0.00021008,0.00021008,0.00021008
228,6831.24,0.63267,0.42154,0.94723,0.91216,0.75,0.86861,0.5124,1.41604,0.9001,1.67937,0.00020216,0.00020216,0.00020216
229,6862,0.62781,0.42164,0.94536,0.88175,0.76389,0.86635,0.52294,1.36993,0.86042,1.63047,0.00019424,0.00019424,0.00019424
230,6892.17,0.61871,0.42677,0.94569,0.86464,0.70977,0.85655,0.51672,1.39115,0.84453,1.64813,0.00018632,0.00018632,0.00018632
231,6921.97,0.63391,0.42876,0.95154,0.85875,0.75998,0.8523,0.50383,1.38372,0.90895,1.64821,0.0001784,0.0001784,0.0001784
232,6951.99,0.60979,0.40889,0.94481,0.8634,0.76389,0.87772,0.52454,1.37208,0.85752,1.63679,0.00017048,0.00017048,0.00017048
233,6982.72,0.6305,0.42533,0.95178,0.8292,0.76389,0.83874,0.50706,1.39423,0.89951,1.65288,0.00016256,0.00016256,0.00016256
234,7012.7,0.62302,0.42176,0.95061,0.8697,0.77778,0.85085,0.5156,1.38335,0.86265,1.66142,0.00015464,0.00015464,0.00015464
235,7042.59,0.61271,0.41508,0.94487,0.81328,0.78646,0.84157,0.51623,1.41056,0.88034,1.67996,0.00014672,0.00014672,0.00014672
236,7072.78,0.61529,0.4195,0.9365,0.80502,0.80283,0.84991,0.5248,1.40209,0.84642,1.65262,0.0001388,0.0001388,0.0001388
237,7103,0.61008,0.42752,0.94109,0.76512,0.8144,0.83462,0.50489,1.42645,0.86873,1.67213,0.00013088,0.00013088,0.00013088
